0,1,2,3,4,5,6,7,8,9,10,11,12,13,14,15,16,17,18,19,20,21
"JADUAL WAKTU KOMUTER TANJUNG MALIM KE PELABUHAN KLANG SABTU, AHAD DAN CUTI AM MULAI 1 JANUARI 2026",,,,,,,,,,,,,,,,,,,,,
NOMBOR TRIP,,1,2,3,4,5,6,7,8,9,10,11,12,13,14,15,16,17,18,19,20
NOMBOR TREN,,2303,2307,2311,2315,2319,2327,2331,2335,2339,2343,2347,2351,2355,2363,2365,2371,2375,2379,2383,2387
TANJUNG MALIM,15200,5:32,6:02,6:32,7:02,7:32,8:32,9:27,10:22,11:22,12:32,13:32,14:32,15:22,16:17,17:02,17:22,18:32,19:32,20:32,21:27
KUALA KUBU BHARU,16200,5:45,6:15,6:45,7:15,7:45,8:45,9:40,10:35,11:35,12:45,13:45,14:45,15:35,16:30,17:15,17:35,18:45,19:45,20:45,21:40
RASA,16400,5:50,6:20,6:50,7:20,7:50,8:50,9:45,10:40,11:40,12:50,13:50,14:50,15:40,16:35,17:20,17:40,18:50,19:50,20:50,21:45
BATANG KALI,16500,5:54,6:24,6:54,7:24,7:54,8:54,9:49,10:44,11:44,12:54,13:54,14:54,15:44,16:39,17:24,17:44,18:54,19:54,20:54,21:49
SERENDAH,17300,6:02,6:32,7:02,7:32,8:02,9:02,9:57,10:52,11:52,13:02,14:02,15:02,15:52,16:47,17:32,17:52,19:02,20:02,21:02,21:57
RAWANG,17800,6:11,6:41,7:11,7:41,8:11,9:11,10:06,11:01,12:01,13:11,14:11,15:11,16:01,16:56,17:41,18:11,19:11,20:11,21:11,22:06
KUANG,18100,6:18,6:48,7:18,7:48,8:18,9:18,10:13,11:08,12:13,13:18,14:18,15:18,16:18,17:13,17:49,18:18,19:18,20:18,21:18,22:18
SUNGAI BULOH,18500,6:26,6:56,7:26,7:56,8:26,9:26,10:21,11:16,12:21,13:26,14:26,15:26,16:26,17:21,17:57,18:26,19:26,20:26,21:26,22:26
KEPONG SENTRAL,18400,6:33,7:03,7:33,8:03,8:33,9:33,10:28,11:23,12:28,13:33,14:33,15:33,16:33,17:28,18:04,18:33,19:33,20:33,21:33,22:33
KEPONG,18600,6:36,7:06,7:36,8:06,8:36,9:36,10:31,11:26,12:31,13:36,14:36,15:36,16:36,17:31,18:07,18:36,19:36,20:36,21:36,22:36
SEGAMBUT,18700,6:41,7:11,7:41,8:11,8:41,9:41,10:36,11:31,12:36,13:41,14:41,15:41,16:41,17:36,18:12,18:41,19:41,20:41,21:41,22:41
PUTRA,18800,6:46,7:16,7:46,8:16,8:46,9:46,10:41,11:36,12:41,13:46,14:46,15:46,16:46,17:41,18:17,18:46,19:46,20:46,21:46,22:46
BANK NEGARA,18900,6:49,7:19,7:49,8:19,8:49,9:49,10:44,11:39,12:44,13:49,14:49,15:49,16:49,17:44,18:20,18:49,19:49,20:49,21:49,22:49
KUALA LUMPUR,19000,6:53,7:23,7:53,8:23,8:53,9:53,10:48,11:43,12:48,13:53,14:53,15:53,16:53,17:48,18:24,18:53,19:53,20:53,21:53,22:53
KL SENTRAL,19100,6:58,7:26,7:58,8:26,8:58,9:58,10:51,11:46,12:51,13:56,14:58,15:58,16:58,17:58,18:27,18:58,19:58,20:58,21:58,22:58
ABDULLAH HUKUM,52700,7:04,,8:04,,9:04,10:04,,,,,15:04,16:04,17:04,18:04,,19:04,20:04,21:04,22:04,23:04
ANGKASAPURI,52800,7:07,,8:07,,9:07,10:07,,,,,15:07,16:07,17:07,18:07,,19:07,20:07,21:07,22:07,23:07
PANTAI DALAM,52900,7:09,,8:09,,9:09,10:09,,,,,15:09,16:09,17:09,18:09,,19:09,20:09,21:09,22:09,23:09
PETALING,53000,7:12,,8:12,,9:12,10:12,,,,,15:12,16:12,17:12,18:12,,19:12,20:12,21:12,22:12,23:12
JALAN TEMPLER,53100,7:14,,8:14,,9:14,10:14,,,,,15:14,16:14,17:14,18:14,,19:14,20:14,21:14,22:14,23:14
KG DATO HARUN,53400,7:20,,8:20,,9:20,10:20,,,,,15:20,16:20,17:20,18:20,,19:20,20:20,21:20,22:20,23:20
SERI SETIA,53500,7:22,,8:22,,9:22,10:22,,,,,15:22,16:22,17:22,18:22,,19:22,20:22,21:22,22:22,23:22
SETIA JAYA,53600,7:30,,8:30,,9:30,10:30,,,,,15:31,16:31,17:31,18:31,,19:31,20:31,21:31,22:31,23:25
SUBANG JAYA,53700,7:38,,8:38,,9:38,10:38,,,,,15:39,16:39,17:39,18:39,,19:39,20:39,21:39,22:39,23:33
BATU TIGA,53800,7:46,,8:46,,9:46,,,,,,15:47,16:47,17:47,18:47,,19:47,20:47,21:47,22:47,23:41
SHAH ALAM,54200,8:02,,9:02,,10:02,,,,,,16:03,17:03,18:03,19:03,,20:03,21:03,22:03,22:58,23:52
PADANG JAWA,54400,8:08,,9:08,,10:08,,,,,,16:09,17:09,18:09,19:09,,20:09,21:09,22:09,23:04,23:58
BUKIT BADAK,54500,8:14,,9:14,,10:14,,,,,,16:15,17:15,18:15,19:15,,20:15,21:15,22:15,23:10,0:04
KLANG,54700,8:18,,9:18,,10:18,,,,,,16:19,17:19,18:19,19:19,,20:19,21:19,22:19,23:14,0:08
TELUK PULAI,54800,8:21,,9:21,,10:21,,,,,,16:22,17:22,18:22,19:22,,20:22,21:22,22:22,23:17,0:11
TELUK GADONG,54900,8:24,,9:24,,10:24,,,,,,16:25,17:25,18:25,19:25,,20:25,21:25,22:25,23:20,0:14
KG RAJA UDA,55000,8:26,,9:26,,10:26,,,,,,16:27,17:27,18:27,19:27,,20:27,21:27,22:27,23:22,0:16
JALAN KASTAM,55100,8:33,,9:33,,10:33,,,,,,16:34,17:34,18:34,19:34,,20:34,21:34,22:30,23:25,0:19
PELABUHAN KLANG,55200,8:39,,9:39,,10:39,,,,,,16:40,17:40,18:40,19:40,,20:40,21:40,22:36,23:31,0:25
